[{"@type":"mappingTemplate","id":"@1","name":"Mapping2-Advanced","description":"","bundleVersion":"0","templateId":"@3","deployTime":1707301828000,"hasParameters":false,"valid":true,"fixedConnection":true,"hasParametersDeployed":false,"fixedConnectionDeployed":true,"isSchemaValidationEnabled":false,"tasks":0,"mappingPreviewFileRecordId":"@2","documentType":"AT_SCALE_MAPPING","references":[{"@type":"reference","refObjectId":"@aA5wTKv5Y85cmk27l2EECr","refType":"structureDefinition"},{"@type":"reference","refObjectId":"@5LmQhGHcBlubnMBPPFuGox","refType":"connection"},{"@type":"reference","refObjectId":"@9w71igIuoYEd8sgxod3PeA","refType":"connection"}]}]